<?xml version="1.0" encoding="UTF-8"?>
<!DOCTYPE mapper PUBLIC "-//mybatis.org//DTD Mapper 3.0//EN" 
    "http://mybatis.org/dtd/mybatis-3-mapper.dtd">
    
<mapper namespace="com.ssafy.group5.model.mapper.AttractionMapper">

	<resultMap type="Attraction" id="AttractionMap">
		<id column="content_id" property="contentId"/>
		<id column="content_type_id" property="contentTypeId"/>
		<id column="first_image" property="firstImage"/>
		<id column="first_image2" property="firstImage2"/>
		<id column="sido_code" property="sidoCode"/>
		<id column="gugun_code" property="gugunCode"/>
		<id column="total_score" property="totalScore"/>
	</resultMap>

	<!-- 관광지 목록 조회 -->
	<select id="attractionList" parameterType="Map" resultMap="AttractionMap">
	  SELECT content_id, content_type_id, title, addr1, addr2, zipcode, tel, first_image, first_image2, readcount, sido_code, gugun_code, latitude, longitude, overview, ifnull(star1, 0) star1 , ifnull(star2, 0) star2, ifnull(star3, 0) star3, ifnull(star4, 0) star4, ifnull(star5, 0) star5, (star1*1 + star2*2 + star3*3 + star4*4 + star5*5)/(star1 + star2 + star3 + star4 + star5) total_score, 
		  	6371 * acos(cos(radians(#{curlatitude})) * cos(radians(latitude)) * cos(radians(longitude)-radians(#{curlongitude})) + sin(radians(#{curlatitude})) * sin(radians(latitude))) distance
	  FROM attraction a join rating r on a.content_id = r.attraction_id
	  <where>
	    <if test="type != null">
	      content_type_id = #{type}
	    </if>
	    <if test="keywords.size > 0">
	      <foreach item="keyword" collection="keywords" open="AND (" separator=" AND " close=")">
	        (title LIKE CONCAT('%', #{keyword}, '%') OR overview LIKE CONCAT('%', #{keyword}, '%'))
	      </foreach>
	    </if>
	    <if test="sido != 0">
	      AND sido_code = #{sido}
	    </if>
	    <if test="gugun != 0">
	      AND gugun_code = #{gugun}
	    </if>
	  </where>
	  order by 
	  <if test="sort != null and sort != ''">
		  <choose>
		  	<!-- 거리순 -->
		  	<when test="sort = 'distance'">
		  		distance, content_id
		  	</when>
		  	<!-- 조회수순 -->
		  	<when test="sort = 'readcount'">
		  		readcount desc, content_id
		  	</when>
		  	<!-- 이름순 -->
		  	<when test="sort = 'title'">
		  		title, content_id
		  	</when>
		  	<!-- 평점순 -->
		  	<when test="sort = 'star'">
		  		total_score desc, content_id
		  	</when>
		  </choose>
	  </if>
	</select>
	
	<!-- 관광지 상세 조회 -->
	<select id="attractionDetail" parameterType="int" resultMap="AttractionMap">
		select content_id, content_type_id, title, addr1, addr2, zipcode, tel, first_image, first_image2, readcount, sido_code, gugun_code, latitude, longitude, overview, ifnull(star1, 0) star1 , ifnull(star2, 0) star2, ifnull(star3, 0) star3, ifnull(star4, 0) star4, ifnull(star5, 0) star5, (star1*1 + star2*2 + star3*3 + star4*4 + star5*5)/(star1 + star2 + star3 + star4 + star5) total_score
		from attraction join rating on content_id = attraction_id
		where content_id=#{attractionId}
	</select>

	<!-- 북마크 장소 조회 -->
	<select id="getMyplace" parameterType="Myplace" resultMap="AttractionMap">
		select *
		from attraction left join (select * from myplace where user_id=#{userId}) m on content_id = attraction_id
		where content_id=#{attractionId}
	</select>

</mapper>