<?xml version="1.0" encoding="UTF-8" ?>
<!DOCTYPE mapper PUBLIC "-//mybatis.org//DTD Mapper 3.0//EN" 
	"http://mybatis.org/dtd/mybatis-3-mapper.dtd">
	
<mapper namespace="com.ssafy.group5.model.mapper.BoardMapper">

	<insert id="writeArticle" parameterType="board">
		insert into board (userid, subject, content, hit, regtime)
		values (#{userid}, #{subject}, #{content}, 0, now())
	</insert>
	
	<select id="listArticle" parameterType="map" resultType="board">
	  SELECT articleno, userid, subject, content, hit, regtime
	  FROM board
	  <where> 
	    <if test="filter != null and filter != ''">
	      <choose>
	      	<!-- 작성자 -->
	        <when test="filter == 'userid'">
	          userid like concat('%', #{keyword}, '%')
	        </when>
	      	<!-- 제목 -->
	        <when test="filter == 'subject'">
	          subject like concat('%', #{keyword}, '%')
	        </when>
	      	<!-- 제목+내용 -->
	        <when test="filter == 'content'">
	          subject like concat('%', #{keyword}, '%') or content like concat('%', #{keyword}, '%')
	        </when>
	        <!-- 필터 값이 지정된 것과 일치하지 않을 때 처리할 내용을 추가할 수 있습니다. -->
	        <otherwise>
	          <!-- 예: 아무 동작을 하지 않거나 기본적인 필터 동작을 수행합니다. -->
	        </otherwise>
	      </choose>
	    </if>
	  </where>
	  <if test="sort != null and sort != ''">
	  	<choose>
	      	<!-- 조회수순 -->
	  		<when test="sort == 'hit'">
	  			order by hit desc, regtime desc, articleno desc
	  		</when>
	      	<!-- 최신순 -->
	  		<otherwise>
	  			order by regtime desc, articleno desc
	  		</otherwise>
	  	</choose>
	  </if>
	</select>
	
	
	<select id="getTotalCount" parameterType="map" resultType="int">
		select count(articleno)
		from board
	  <where> 
		    <if test="filter != null and filter != ''">
		      <choose>
		      	<!-- 작성자 -->
		        <when test="filter == 'userid'">
		          userid like concat('%', #{keyword}, '%')
		        </when>
		      	<!-- 제목 -->
		        <when test="filter == 'subject'">
		          subject like concat('%', #{keyword}, '%')
		        </when>
		      	<!-- 제목+내용 -->
		        <when test="filter == 'content'">
		          subject like concat('%', #{keyword}, '%') or content like concat('%', #{keyword}, '%')
		        </when>
		        <!-- 필터 값이 지정된 것과 일치하지 않을 때 처리할 내용을 추가할 수 있습니다. -->
		        <otherwise>
		          <!-- 예: 아무 동작을 하지 않거나 기본적인 필터 동작을 수행합니다. -->
		        </otherwise>
		      </choose>
		    </if>
		  </where>
		  <if test="sort != null and sort != ''">
		  	<choose>
		      	<!-- 조회수순 -->
		  		<when test="sort == 'hit'">
		  			order by hit desc, regtime desc
		  		</when>
		      	<!-- 최신순 -->
		  		<otherwise>
		  			order by regtime desc
		  		</otherwise>
		  	</choose>
		  </if>
	</select>
	
	<select id="getArticle" parameterType="int" resultType="board">
		select articleno, userid, subject, content, hit, regtime
		from board
		where articleno = #{articleno}
	</select>
	
	<update id="updateHit" parameterType="int">
		update board
		set hit = hit + 1
		where articleno = #{articleno}
	</update>
	
	<update id="modifyArticle" parameterType="board">
		update board
		set subject = #{subject}, content = #{content}
		where articleno = #{articleno}
	</update>
	
	<delete id="deleteArticle" parameterType="int">
		delete from board
		where articleno = #{articleno}
	</delete>

</mapper>

