<?xml version="1.0" encoding="UTF-8" ?>
<!DOCTYPE mapper PUBLIC "-//mybatis.org//DTD Mapper 3.0//EN" 
	"http://mybatis.org/dtd/mybatis-3-mapper.dtd">

<mapper namespace="com.ssafy.group5.model.mapper.MemberMapper">

	<select id="login" parameterType="member" resultType="member">
		select username, userid, email
		from user
		where userid = #{userid} and userpwd = #{userpwd}
	</select>
	
	<select id="userInfo" parameterType="string" resultType="member">
		select username, userid, email, joindate
		from user
		where userid = #{userid}
	</select>
	
	<select id="getRefreshToken" parameterType="string" resultType="string">
		select token
		from user
		where userid = #{userid}
	</select>
	
	<update id="saveRefreshToken" parameterType="map">
		update user
		set token = #{token}
		where userid = #{userid}
	</update>
	
	<update id="deleteRefreshToken" parameterType="map">
		update user
		set token = #{token, jdbcType=VARCHAR}
		where userid = #{userid}
	</update>
	
</mapper>