<?xml version="1.0" encoding="UTF-8"?>
<!DOCTYPE mapper PUBLIC "-//mybatis.org//DTD Mapper 3.0//EN" 
    "http://mybatis.org/dtd/mybatis-3-mapper.dtd">
    
<mapper namespace="com.ssafy.group5.model.mapper.RatingMapper">

	<resultMap type="UserRating" id="UserRatingMap">
		<id column="user_id" property="userId"/>
		<id column="attraction_id" property="attractionId"/>
	</resultMap>

	<select id="getUserRating" parameterType="UserRating" resultMap="UserRatingMap">
		select user_id, attraction_id, star
		from user_rating
		where user_id=#{userId} and attraction_id=#{attractionId}
	</select>
	
	<update id="decrementStar" parameterType="Map">
		update rating
		set star${col} = star${col}-1
		where attraction_id=#{attractionId}
	</update>
	
	<update id="incrementStar" parameterType="Map">
		update rating
		set star${col} = star${col}+1
		where attraction_id=#{attractionId}
	</update>
	
	<update id="updateUserRating" parameterType="UserRating">
		update user_rating
		set star=#{star}
		where user_id=#{userId} and attraction_id=#{attractionId}
	</update>
	
	<insert id="insertUserRating" parameterType="UserRating">
		insert into user_rating (user_id, attraction_id, star)
		values (#{userId}, #{attractionId}, #{star})
	</insert>
	
</mapper>