<?xml version="1.0" encoding="UTF-8"?>
<!DOCTYPE mapper PUBLIC "-//mybatis.org//DTD Mapper 3.0//EN" 
    "http://mybatis.org/dtd/mybatis-3-mapper.dtd">
    
<mapper namespace="com.ssafy.group5.model.mapper.UserMapper">

	<!-- 로그인 -->
	<select id="login" parameterType="User" resultType="User">
		select *
		from user
		where userid=#{userid} and userpwd=#{userpwd}
	</select>
	
	<!-- 회원가입 -->
	<insert id="signUp" parameterType="User">
		insert into user (userid, userpwd, username, email)
		values (#{userid}, #{userpwd}, #{username}, #{email}, now())
	</insert>
	
	
	<!-- 회원 정보 수정 -->
	<update id="updateUserInfo" parameterType="User">
		update user 
		set userpwd=#{userpwd}, username=#{username}, email=#{email}
		where userid=#{userid}
	</update>
	

	<!-- 회원 정보 삭제 (회원 탈퇴) -->
	<delete id="deleteUser" parameterType="User">
		delete from user
		where userid=#{userid} and userpwd=#{userpwd}
	</delete>
	
</mapper>